"cell_id","occurrence_id","atlas_entity_id","atlas_display_name","snapshot_year","dossier_category","current_status","research_priority","mapping_status","eligibility_classification","identity_review_required","current_values","observation_dates","territorial_scopes","held_reasons","known_aliases_identifiers","notes","production_fingerprint","proposals_json"
"entity-philippines@1800/political-institutional","entity-philippines@1800","","Philippines","1800","political-institutional","MISSING","B","completely-empty","political-polity","true","[]","[]","[]","[]","{""map_identity_id"":""entity-philippines"",""aliases"":[],""historical_names"":[],""identifiers"":{}}","[""Snapshot context is not observation date or boundary date."",""Map geometry does not establish sovereignty or succession."",""Resolve historical identity before proposing entity-specific facts."",""Existing applicability intervals: []""]","35c5a20cdfaf4e7e7a788fd82d4c2b997e0fe878efe2392487968b8d61b9029f",""
"entity-philippines@1815/political-institutional","entity-philippines@1815","","Philippines","1815","political-institutional","MISSING","B","completely-empty","political-polity","true","[]","[]","[]","[]","{""map_identity_id"":""entity-philippines"",""aliases"":[],""historical_names"":[],""identifiers"":{}}","[""Snapshot context is not observation date or boundary date."",""Map geometry does not establish sovereignty or succession."",""Resolve historical identity before proposing entity-specific facts."",""Existing applicability intervals: []""]","35c5a20cdfaf4e7e7a788fd82d4c2b997e0fe878efe2392487968b8d61b9029f",""
"entity-philippines@1878/political-institutional","entity-philippines@1878","","Philippines","1878","political-institutional","MISSING","B","completely-empty","political-polity","true","[]","[]","[]","[]","{""map_identity_id"":""entity-philippines"",""aliases"":[],""historical_names"":[],""identifiers"":{}}","[""Snapshot context is not observation date or boundary date."",""Map geometry does not establish sovereignty or succession."",""Resolve historical identity before proposing entity-specific facts."",""Existing applicability intervals: []""]","35c5a20cdfaf4e7e7a788fd82d4c2b997e0fe878efe2392487968b8d61b9029f",""
"entity-philippines@1880/political-institutional","entity-philippines@1880","","Philippines","1880","political-institutional","MISSING","B","completely-empty","political-polity","true","[]","[]","[]","[]","{""map_identity_id"":""entity-philippines"",""aliases"":[],""historical_names"":[],""identifiers"":{}}","[""Snapshot context is not observation date or boundary date."",""Map geometry does not establish sovereignty or succession."",""Resolve historical identity before proposing entity-specific facts."",""Existing applicability intervals: []""]","35c5a20cdfaf4e7e7a788fd82d4c2b997e0fe878efe2392487968b8d61b9029f",""
"entity-philippines@1900/political-institutional","entity-philippines@1900","","Philippines","1900","political-institutional","MISSING","B","completely-empty","political-polity","true","[]","[]","[]","[]","{""map_identity_id"":""entity-philippines"",""aliases"":[],""historical_names"":[],""identifiers"":{}}","[""Snapshot context is not observation date or boundary date."",""Map geometry does not establish sovereignty or succession."",""Resolve historical identity before proposing entity-specific facts."",""Existing applicability intervals: []""]","35c5a20cdfaf4e7e7a788fd82d4c2b997e0fe878efe2392487968b8d61b9029f",""
"entity-philippines@1945/political-institutional","entity-philippines@1945","","Philippines","1945","political-institutional","MISSING","B","completely-empty","political-polity","true","[]","[]","[]","[]","{""map_identity_id"":""entity-philippines"",""aliases"":[],""historical_names"":[],""identifiers"":{}}","[""Snapshot context is not observation date or boundary date."",""Map geometry does not establish sovereignty or succession."",""Resolve historical identity before proposing entity-specific facts."",""Existing applicability intervals: []""]","35c5a20cdfaf4e7e7a788fd82d4c2b997e0fe878efe2392487968b8d61b9029f",""
"entity-haiti@1815/political-institutional","entity-haiti@1815","","Haiti","1815","political-institutional","MISSING","B","held-ambiguous","political-polity","true","[]","[]","[]","[]","{""map_identity_id"":""entity-haiti"",""aliases"":[],""historical_names"":[],""identifiers"":{}}","[""Snapshot context is not observation date or boundary date."",""Map geometry does not establish sovereignty or succession."",""Resolve historical identity before proposing entity-specific facts."",""Existing applicability intervals: []""]","35c5a20cdfaf4e7e7a788fd82d4c2b997e0fe878efe2392487968b8d61b9029f",""
"entity-haiti@1878/political-institutional","entity-haiti@1878","","Haiti","1878","political-institutional","MISSING","B","held-ambiguous","political-polity","true","[]","[]","[]","[]","{""map_identity_id"":""entity-haiti"",""aliases"":[],""historical_names"":[],""identifiers"":{}}","[""Snapshot context is not observation date or boundary date."",""Map geometry does not establish sovereignty or succession."",""Resolve historical identity before proposing entity-specific facts."",""Existing applicability intervals: []""]","35c5a20cdfaf4e7e7a788fd82d4c2b997e0fe878efe2392487968b8d61b9029f",""
"entity-haiti@1880/political-institutional","entity-haiti@1880","","Haiti","1880","political-institutional","MISSING","B","held-ambiguous","political-polity","true","[]","[]","[]","[]","{""map_identity_id"":""entity-haiti"",""aliases"":[],""historical_names"":[],""identifiers"":{}}","[""Snapshot context is not observation date or boundary date."",""Map geometry does not establish sovereignty or succession."",""Resolve historical identity before proposing entity-specific facts."",""Existing applicability intervals: []""]","35c5a20cdfaf4e7e7a788fd82d4c2b997e0fe878efe2392487968b8d61b9029f",""
"entity-haiti@1900/political-institutional","entity-haiti@1900","","Haiti","1900","political-institutional","MISSING","B","held-ambiguous","political-polity","true","[]","[]","[]","[]","{""map_identity_id"":""entity-haiti"",""aliases"":[],""historical_names"":[],""identifiers"":{}}","[""Snapshot context is not observation date or boundary date."",""Map geometry does not establish sovereignty or succession."",""Resolve historical identity before proposing entity-specific facts."",""Existing applicability intervals: []""]","35c5a20cdfaf4e7e7a788fd82d4c2b997e0fe878efe2392487968b8d61b9029f",""
"entity-haiti@1914/political-institutional","entity-haiti@1914","","Haiti","1914","political-institutional","MISSING","B","held-ambiguous","political-polity","true","[]","[]","[]","[]","{""map_identity_id"":""entity-haiti"",""aliases"":[],""historical_names"":[],""identifiers"":{}}","[""Snapshot context is not observation date or boundary date."",""Map geometry does not establish sovereignty or succession."",""Resolve historical identity before proposing entity-specific facts."",""Existing applicability intervals: []""]","35c5a20cdfaf4e7e7a788fd82d4c2b997e0fe878efe2392487968b8d61b9029f",""
"entity-haiti@1930/political-institutional","entity-haiti@1930","","Haiti","1930","political-institutional","MISSING","B","held-ambiguous","political-polity","true","[]","[]","[]","[]","{""map_identity_id"":""entity-haiti"",""aliases"":[],""historical_names"":[],""identifiers"":{}}","[""Snapshot context is not observation date or boundary date."",""Map geometry does not establish sovereignty or succession."",""Resolve historical identity before proposing entity-specific facts."",""Existing applicability intervals: []""]","35c5a20cdfaf4e7e7a788fd82d4c2b997e0fe878efe2392487968b8d61b9029f",""
"entity-haiti@1938/political-institutional","entity-haiti@1938","","Haiti","1938","political-institutional","MISSING","B","held-ambiguous","political-polity","true","[]","[]","[]","[]","{""map_identity_id"":""entity-haiti"",""aliases"":[],""historical_names"":[],""identifiers"":{}}","[""Snapshot context is not observation date or boundary date."",""Map geometry does not establish sovereignty or succession."",""Resolve historical identity before proposing entity-specific facts."",""Existing applicability intervals: []""]","35c5a20cdfaf4e7e7a788fd82d4c2b997e0fe878efe2392487968b8d61b9029f",""
"entity-haiti@1945/political-institutional","entity-haiti@1945","","Haiti","1945","political-institutional","MISSING","B","held-ambiguous","political-polity","true","[]","[]","[]","[]","{""map_identity_id"":""entity-haiti"",""aliases"":[],""historical_names"":[],""identifiers"":{}}","[""Snapshot context is not observation date or boundary date."",""Map geometry does not establish sovereignty or succession."",""Resolve historical identity before proposing entity-specific facts."",""Existing applicability intervals: []""]","35c5a20cdfaf4e7e7a788fd82d4c2b997e0fe878efe2392487968b8d61b9029f",""
"entity-bulgaria@1878/political-institutional","entity-bulgaria@1878","bulgarian-berlin-settlement-framework","Principality of Bulgaria — Berlin settlement","1878","political-institutional","PARTIAL","B","partially-supported","political-polity","false","[""Autonomous tributary principality under Ottoman suzerainty"",""Treaty-prescribed Christian government and national militia""]","[]","[]","[]","{""map_identity_id"":""entity-bulgaria"",""aliases"":[],""historical_names"":[{""value"":""Principality of Bulgaria — Berlin settlement"",""kind"":""primary"",""validFrom"":""1878-07-13"",""validUntil"":""1879-01-01""}],""identifiers"":{}}","[""Snapshot context is not observation date or boundary date."",""Map geometry does not establish sovereignty or succession."",""Existing applicability intervals: [{\""kind\"":\""interval\"",\""from\"":\""1878-07-13\"",\""until\"":\""1879-01-01\""},{\""kind\"":\""interval\"",\""from\"":\""1878-07-13\"",\""until\"":\""1879-01-01\""}]""]","35c5a20cdfaf4e7e7a788fd82d4c2b997e0fe878efe2392487968b8d61b9029f",""
"entity-bulgaria@1900/political-institutional","entity-bulgaria@1900","","Bulgaria","1900","political-institutional","MISSING","B","completely-empty","political-polity","true","[]","[]","[]","[]","{""map_identity_id"":""entity-bulgaria"",""aliases"":[],""historical_names"":[],""identifiers"":{}}","[""Snapshot context is not observation date or boundary date."",""Map geometry does not establish sovereignty or succession."",""Resolve historical identity before proposing entity-specific facts."",""Existing applicability intervals: []""]","35c5a20cdfaf4e7e7a788fd82d4c2b997e0fe878efe2392487968b8d61b9029f",""
"entity-bulgaria@1914/political-institutional","entity-bulgaria@1914","","Bulgaria","1914","political-institutional","MISSING","B","completely-empty","political-polity","true","[]","[]","[]","[]","{""map_identity_id"":""entity-bulgaria"",""aliases"":[],""historical_names"":[],""identifiers"":{}}","[""Snapshot context is not observation date or boundary date."",""Map geometry does not establish sovereignty or succession."",""Resolve historical identity before proposing entity-specific facts."",""Existing applicability intervals: []""]","35c5a20cdfaf4e7e7a788fd82d4c2b997e0fe878efe2392487968b8d61b9029f",""
"entity-bulgaria@1920/political-institutional","entity-bulgaria@1920","","Bulgaria","1920","political-institutional","MISSING","B","completely-empty","political-polity","true","[]","[]","[]","[]","{""map_identity_id"":""entity-bulgaria"",""aliases"":[],""historical_names"":[],""identifiers"":{}}","[""Snapshot context is not observation date or boundary date."",""Map geometry does not establish sovereignty or succession."",""Resolve historical identity before proposing entity-specific facts."",""Existing applicability intervals: []""]","35c5a20cdfaf4e7e7a788fd82d4c2b997e0fe878efe2392487968b8d61b9029f",""
"entity-bulgaria@1930/political-institutional","entity-bulgaria@1930","","Bulgaria","1930","political-institutional","MISSING","B","completely-empty","political-polity","true","[]","[]","[]","[]","{""map_identity_id"":""entity-bulgaria"",""aliases"":[],""historical_names"":[],""identifiers"":{}}","[""Snapshot context is not observation date or boundary date."",""Map geometry does not establish sovereignty or succession."",""Resolve historical identity before proposing entity-specific facts."",""Existing applicability intervals: []""]","35c5a20cdfaf4e7e7a788fd82d4c2b997e0fe878efe2392487968b8d61b9029f",""
"entity-bulgaria@1938/political-institutional","entity-bulgaria@1938","","Bulgaria","1938","political-institutional","MISSING","B","completely-empty","political-polity","true","[]","[]","[]","[]","{""map_identity_id"":""entity-bulgaria"",""aliases"":[],""historical_names"":[],""identifiers"":{}}","[""Snapshot context is not observation date or boundary date."",""Map geometry does not establish sovereignty or succession."",""Resolve historical identity before proposing entity-specific facts."",""Existing applicability intervals: []""]","35c5a20cdfaf4e7e7a788fd82d4c2b997e0fe878efe2392487968b8d61b9029f",""
"entity-bulgaria@1945/political-institutional","entity-bulgaria@1945","","Bulgaria","1945","political-institutional","MISSING","B","completely-empty","political-polity","true","[]","[]","[]","[]","{""map_identity_id"":""entity-bulgaria"",""aliases"":[],""historical_names"":[],""identifiers"":{}}","[""Snapshot context is not observation date or boundary date."",""Map geometry does not establish sovereignty or succession."",""Resolve historical identity before proposing entity-specific facts."",""Existing applicability intervals: []""]","35c5a20cdfaf4e7e7a788fd82d4c2b997e0fe878efe2392487968b8d61b9029f",""
"entity-bulgaria@1960/political-institutional","entity-bulgaria@1960","","Bulgaria","1960","political-institutional","MISSING","B","completely-empty","political-polity","true","[]","[]","[]","[]","{""map_identity_id"":""entity-bulgaria"",""aliases"":[],""historical_names"":[],""identifiers"":{}}","[""Snapshot context is not observation date or boundary date."",""Map geometry does not establish sovereignty or succession."",""Resolve historical identity before proposing entity-specific facts."",""Existing applicability intervals: []""]","35c5a20cdfaf4e7e7a788fd82d4c2b997e0fe878efe2392487968b8d61b9029f",""
"entity-colombia@1914/political-institutional","entity-colombia@1914","","Colombia","1914","political-institutional","MISSING","B","completely-empty","political-polity","true","[]","[]","[]","[]","{""map_identity_id"":""entity-colombia"",""aliases"":[],""historical_names"":[],""identifiers"":{}}","[""Snapshot context is not observation date or boundary date."",""Map geometry does not establish sovereignty or succession."",""Resolve historical identity before proposing entity-specific facts."",""Existing applicability intervals: []""]","35c5a20cdfaf4e7e7a788fd82d4c2b997e0fe878efe2392487968b8d61b9029f",""
"entity-colombia@1920/political-institutional","entity-colombia@1920","","Colombia","1920","political-institutional","MISSING","B","completely-empty","political-polity","true","[]","[]","[]","[]","{""map_identity_id"":""entity-colombia"",""aliases"":[],""historical_names"":[],""identifiers"":{}}","[""Snapshot context is not observation date or boundary date."",""Map geometry does not establish sovereignty or succession."",""Resolve historical identity before proposing entity-specific facts."",""Existing applicability intervals: []""]","35c5a20cdfaf4e7e7a788fd82d4c2b997e0fe878efe2392487968b8d61b9029f",""
"entity-colombia@1930/political-institutional","entity-colombia@1930","","Colombia","1930","political-institutional","MISSING","B","completely-empty","political-polity","true","[]","[]","[]","[]","{""map_identity_id"":""entity-colombia"",""aliases"":[],""historical_names"":[],""identifiers"":{}}","[""Snapshot context is not observation date or boundary date."",""Map geometry does not establish sovereignty or succession."",""Resolve historical identity before proposing entity-specific facts."",""Existing applicability intervals: []""]","35c5a20cdfaf4e7e7a788fd82d4c2b997e0fe878efe2392487968b8d61b9029f",""
"entity-colombia@1938/political-institutional","entity-colombia@1938","","Colombia","1938","political-institutional","MISSING","B","completely-empty","political-polity","true","[]","[]","[]","[]","{""map_identity_id"":""entity-colombia"",""aliases"":[],""historical_names"":[],""identifiers"":{}}","[""Snapshot context is not observation date or boundary date."",""Map geometry does not establish sovereignty or succession."",""Resolve historical identity before proposing entity-specific facts."",""Existing applicability intervals: []""]","35c5a20cdfaf4e7e7a788fd82d4c2b997e0fe878efe2392487968b8d61b9029f",""
"entity-colombia@1945/political-institutional","entity-colombia@1945","","Colombia","1945","political-institutional","MISSING","B","completely-empty","political-polity","true","[]","[]","[]","[]","{""map_identity_id"":""entity-colombia"",""aliases"":[],""historical_names"":[],""identifiers"":{}}","[""Snapshot context is not observation date or boundary date."",""Map geometry does not establish sovereignty or succession."",""Resolve historical identity before proposing entity-specific facts."",""Existing applicability intervals: []""]","35c5a20cdfaf4e7e7a788fd82d4c2b997e0fe878efe2392487968b8d61b9029f",""
"entity-romania@1878/political-institutional","entity-romania@1878","romanian-independent-principality-framework","Principality of Romania — independent framework","1878","political-institutional","PARTIAL","B","partially-supported","political-polity","false","[""Independent principality"",""Bicameral Deputies and Senate under the 1866 constitution""]","[]","[]","[]","{""map_identity_id"":""entity-romania"",""aliases"":[],""historical_names"":[{""value"":""Principality of Romania — independent framework"",""kind"":""primary"",""validFrom"":""1878-07-13"",""validUntil"":""1881-01-01""}],""identifiers"":{}}","[""Snapshot context is not observation date or boundary date."",""Map geometry does not establish sovereignty or succession."",""Existing applicability intervals: [{\""kind\"":\""interval\"",\""from\"":\""1878-07-13\"",\""until\"":\""1881-01-01\""},{\""kind\"":\""interval\"",\""from\"":\""1878-07-13\"",\""until\"":\""1881-01-01\""}]""]","35c5a20cdfaf4e7e7a788fd82d4c2b997e0fe878efe2392487968b8d61b9029f",""
"entity-romania@1900/political-institutional","entity-romania@1900","","Romania","1900","political-institutional","MISSING","B","completely-empty","political-polity","true","[]","[]","[]","[]","{""map_identity_id"":""entity-romania"",""aliases"":[],""historical_names"":[],""identifiers"":{}}","[""Snapshot context is not observation date or boundary date."",""Map geometry does not establish sovereignty or succession."",""Resolve historical identity before proposing entity-specific facts."",""Existing applicability intervals: []""]","35c5a20cdfaf4e7e7a788fd82d4c2b997e0fe878efe2392487968b8d61b9029f",""
"entity-romania@1914/political-institutional","entity-romania@1914","","Romania","1914","political-institutional","MISSING","B","completely-empty","political-polity","true","[]","[]","[]","[]","{""map_identity_id"":""entity-romania"",""aliases"":[],""historical_names"":[],""identifiers"":{}}","[""Snapshot context is not observation date or boundary date."",""Map geometry does not establish sovereignty or succession."",""Resolve historical identity before proposing entity-specific facts."",""Existing applicability intervals: []""]","35c5a20cdfaf4e7e7a788fd82d4c2b997e0fe878efe2392487968b8d61b9029f",""
"entity-romania@1920/political-institutional","entity-romania@1920","","Romania","1920","political-institutional","MISSING","B","completely-empty","political-polity","true","[]","[]","[]","[]","{""map_identity_id"":""entity-romania"",""aliases"":[],""historical_names"":[],""identifiers"":{}}","[""Snapshot context is not observation date or boundary date."",""Map geometry does not establish sovereignty or succession."",""Resolve historical identity before proposing entity-specific facts."",""Existing applicability intervals: []""]","35c5a20cdfaf4e7e7a788fd82d4c2b997e0fe878efe2392487968b8d61b9029f",""
"entity-romania@1938/political-institutional","entity-romania@1938","","Romania","1938","political-institutional","MISSING","B","held-ambiguous","political-polity","true","[]","[]","[]","[]","{""map_identity_id"":""entity-romania"",""aliases"":[],""historical_names"":[],""identifiers"":{}}","[""Snapshot context is not observation date or boundary date."",""Map geometry does not establish sovereignty or succession."",""Resolve historical identity before proposing entity-specific facts."",""Existing applicability intervals: []""]","35c5a20cdfaf4e7e7a788fd82d4c2b997e0fe878efe2392487968b8d61b9029f",""
"entity-romania@1945/political-institutional","entity-romania@1945","","Romania","1945","political-institutional","MISSING","B","completely-empty","political-polity","true","[]","[]","[]","[]","{""map_identity_id"":""entity-romania"",""aliases"":[],""historical_names"":[],""identifiers"":{}}","[""Snapshot context is not observation date or boundary date."",""Map geometry does not establish sovereignty or succession."",""Resolve historical identity before proposing entity-specific facts."",""Existing applicability intervals: []""]","35c5a20cdfaf4e7e7a788fd82d4c2b997e0fe878efe2392487968b8d61b9029f",""
"entity-romania@1960/political-institutional","entity-romania@1960","","Romania","1960","political-institutional","MISSING","B","completely-empty","political-polity","true","[]","[]","[]","[]","{""map_identity_id"":""entity-romania"",""aliases"":[],""historical_names"":[],""identifiers"":{}}","[""Snapshot context is not observation date or boundary date."",""Map geometry does not establish sovereignty or succession."",""Resolve historical identity before proposing entity-specific facts."",""Existing applicability intervals: []""]","35c5a20cdfaf4e7e7a788fd82d4c2b997e0fe878efe2392487968b8d61b9029f",""
"entity-peru@1920/political-institutional","entity-peru@1920","","Peru","1920","political-institutional","MISSING","B","completely-empty","political-polity","true","[]","[]","[]","[]","{""map_identity_id"":""entity-peru"",""aliases"":[],""historical_names"":[],""identifiers"":{}}","[""Snapshot context is not observation date or boundary date."",""Map geometry does not establish sovereignty or succession."",""Resolve historical identity before proposing entity-specific facts."",""Existing applicability intervals: []""]","35c5a20cdfaf4e7e7a788fd82d4c2b997e0fe878efe2392487968b8d61b9029f",""
"entity-peru@1930/political-institutional","entity-peru@1930","","Peru","1930","political-institutional","MISSING","B","completely-empty","political-polity","true","[]","[]","[]","[]","{""map_identity_id"":""entity-peru"",""aliases"":[],""historical_names"":[],""identifiers"":{}}","[""Snapshot context is not observation date or boundary date."",""Map geometry does not establish sovereignty or succession."",""Resolve historical identity before proposing entity-specific facts."",""Existing applicability intervals: []""]","35c5a20cdfaf4e7e7a788fd82d4c2b997e0fe878efe2392487968b8d61b9029f",""
"entity-peru@1938/political-institutional","entity-peru@1938","","Peru","1938","political-institutional","MISSING","B","completely-empty","political-polity","true","[]","[]","[]","[]","{""map_identity_id"":""entity-peru"",""aliases"":[],""historical_names"":[],""identifiers"":{}}","[""Snapshot context is not observation date or boundary date."",""Map geometry does not establish sovereignty or succession."",""Resolve historical identity before proposing entity-specific facts."",""Existing applicability intervals: []""]","35c5a20cdfaf4e7e7a788fd82d4c2b997e0fe878efe2392487968b8d61b9029f",""
"entity-peru@1945/political-institutional","entity-peru@1945","","Peru","1945","political-institutional","MISSING","B","completely-empty","political-polity","true","[]","[]","[]","[]","{""map_identity_id"":""entity-peru"",""aliases"":[],""historical_names"":[],""identifiers"":{}}","[""Snapshot context is not observation date or boundary date."",""Map geometry does not establish sovereignty or succession."",""Resolve historical identity before proposing entity-specific facts."",""Existing applicability intervals: []""]","35c5a20cdfaf4e7e7a788fd82d4c2b997e0fe878efe2392487968b8d61b9029f",""
"entity-peru@1960/political-institutional","entity-peru@1960","","Peru","1960","political-institutional","MISSING","B","completely-empty","political-polity","true","[]","[]","[]","[]","{""map_identity_id"":""entity-peru"",""aliases"":[],""historical_names"":[],""identifiers"":{}}","[""Snapshot context is not observation date or boundary date."",""Map geometry does not establish sovereignty or succession."",""Resolve historical identity before proposing entity-specific facts."",""Existing applicability intervals: []""]","35c5a20cdfaf4e7e7a788fd82d4c2b997e0fe878efe2392487968b8d61b9029f",""
"entity-ecuador@1878/political-institutional","entity-ecuador@1878","","Ecuador","1878","political-institutional","MISSING","B","completely-empty","political-polity","true","[]","[]","[]","[]","{""map_identity_id"":""entity-ecuador"",""aliases"":[],""historical_names"":[],""identifiers"":{}}","[""Snapshot context is not observation date or boundary date."",""Map geometry does not establish sovereignty or succession."",""Resolve historical identity before proposing entity-specific facts."",""Existing applicability intervals: []""]","35c5a20cdfaf4e7e7a788fd82d4c2b997e0fe878efe2392487968b8d61b9029f",""
"entity-ecuador@1880/political-institutional","entity-ecuador@1880","","Ecuador","1880","political-institutional","MISSING","B","completely-empty","political-polity","true","[]","[]","[]","[]","{""map_identity_id"":""entity-ecuador"",""aliases"":[],""historical_names"":[],""identifiers"":{}}","[""Snapshot context is not observation date or boundary date."",""Map geometry does not establish sovereignty or succession."",""Resolve historical identity before proposing entity-specific facts."",""Existing applicability intervals: []""]","35c5a20cdfaf4e7e7a788fd82d4c2b997e0fe878efe2392487968b8d61b9029f",""
"entity-ecuador@1900/political-institutional","entity-ecuador@1900","","Ecuador","1900","political-institutional","MISSING","B","completely-empty","political-polity","true","[]","[]","[]","[]","{""map_identity_id"":""entity-ecuador"",""aliases"":[],""historical_names"":[],""identifiers"":{}}","[""Snapshot context is not observation date or boundary date."",""Map geometry does not establish sovereignty or succession."",""Resolve historical identity before proposing entity-specific facts."",""Existing applicability intervals: []""]","35c5a20cdfaf4e7e7a788fd82d4c2b997e0fe878efe2392487968b8d61b9029f",""
"entity-ecuador@1930/political-institutional","entity-ecuador@1930","","Ecuador","1930","political-institutional","MISSING","B","completely-empty","political-polity","true","[]","[]","[]","[]","{""map_identity_id"":""entity-ecuador"",""aliases"":[],""historical_names"":[],""identifiers"":{}}","[""Snapshot context is not observation date or boundary date."",""Map geometry does not establish sovereignty or succession."",""Resolve historical identity before proposing entity-specific facts."",""Existing applicability intervals: []""]","35c5a20cdfaf4e7e7a788fd82d4c2b997e0fe878efe2392487968b8d61b9029f",""
"entity-ecuador@1938/political-institutional","entity-ecuador@1938","","Ecuador","1938","political-institutional","MISSING","B","completely-empty","political-polity","true","[]","[]","[]","[]","{""map_identity_id"":""entity-ecuador"",""aliases"":[],""historical_names"":[],""identifiers"":{}}","[""Snapshot context is not observation date or boundary date."",""Map geometry does not establish sovereignty or succession."",""Resolve historical identity before proposing entity-specific facts."",""Existing applicability intervals: []""]","35c5a20cdfaf4e7e7a788fd82d4c2b997e0fe878efe2392487968b8d61b9029f",""
"entity-ecuador@1945/political-institutional","entity-ecuador@1945","","Ecuador","1945","political-institutional","MISSING","B","completely-empty","political-polity","true","[]","[]","[]","[]","{""map_identity_id"":""entity-ecuador"",""aliases"":[],""historical_names"":[],""identifiers"":{}}","[""Snapshot context is not observation date or boundary date."",""Map geometry does not establish sovereignty or succession."",""Resolve historical identity before proposing entity-specific facts."",""Existing applicability intervals: []""]","35c5a20cdfaf4e7e7a788fd82d4c2b997e0fe878efe2392487968b8d61b9029f",""
"entity-bolivia@1878/political-institutional","entity-bolivia@1878","","Bolivia","1878","political-institutional","MISSING","B","completely-empty","political-polity","true","[]","[]","[]","[]","{""map_identity_id"":""entity-bolivia"",""aliases"":[],""historical_names"":[],""identifiers"":{}}","[""Snapshot context is not observation date or boundary date."",""Map geometry does not establish sovereignty or succession."",""Resolve historical identity before proposing entity-specific facts."",""Existing applicability intervals: []""]","35c5a20cdfaf4e7e7a788fd82d4c2b997e0fe878efe2392487968b8d61b9029f",""
"entity-bolivia@1880/political-institutional","entity-bolivia@1880","","Bolivia","1880","political-institutional","MISSING","B","completely-empty","political-polity","true","[]","[]","[]","[]","{""map_identity_id"":""entity-bolivia"",""aliases"":[],""historical_names"":[],""identifiers"":{}}","[""Snapshot context is not observation date or boundary date."",""Map geometry does not establish sovereignty or succession."",""Resolve historical identity before proposing entity-specific facts."",""Existing applicability intervals: []""]","35c5a20cdfaf4e7e7a788fd82d4c2b997e0fe878efe2392487968b8d61b9029f",""
"entity-bolivia@1938/political-institutional","entity-bolivia@1938","","Bolivia","1938","political-institutional","MISSING","B","completely-empty","political-polity","true","[]","[]","[]","[]","{""map_identity_id"":""entity-bolivia"",""aliases"":[],""historical_names"":[],""identifiers"":{}}","[""Snapshot context is not observation date or boundary date."",""Map geometry does not establish sovereignty or succession."",""Resolve historical identity before proposing entity-specific facts."",""Existing applicability intervals: []""]","35c5a20cdfaf4e7e7a788fd82d4c2b997e0fe878efe2392487968b8d61b9029f",""
"entity-tibet@1914/political-institutional","entity-tibet@1914","","Tibet","1914","political-institutional","MISSING","B","held-ambiguous","political-polity","true","[]","[]","[]","[]","{""map_identity_id"":""entity-tibet"",""aliases"":[],""historical_names"":[],""identifiers"":{}}","[""Snapshot context is not observation date or boundary date."",""Map geometry does not establish sovereignty or succession."",""Resolve historical identity before proposing entity-specific facts."",""Existing applicability intervals: []""]","35c5a20cdfaf4e7e7a788fd82d4c2b997e0fe878efe2392487968b8d61b9029f",""
"entity-tibet@1920/political-institutional","entity-tibet@1920","","Tibet","1920","political-institutional","MISSING","B","held-ambiguous","political-polity","true","[]","[]","[]","[]","{""map_identity_id"":""entity-tibet"",""aliases"":[],""historical_names"":[],""identifiers"":{}}","[""Snapshot context is not observation date or boundary date."",""Map geometry does not establish sovereignty or succession."",""Resolve historical identity before proposing entity-specific facts."",""Existing applicability intervals: []""]","35c5a20cdfaf4e7e7a788fd82d4c2b997e0fe878efe2392487968b8d61b9029f",""
"entity-tibet@1930/political-institutional","entity-tibet@1930","","Tibet","1930","political-institutional","MISSING","B","held-ambiguous","political-polity","true","[]","[]","[]","[]","{""map_identity_id"":""entity-tibet"",""aliases"":[],""historical_names"":[],""identifiers"":{}}","[""Snapshot context is not observation date or boundary date."",""Map geometry does not establish sovereignty or succession."",""Resolve historical identity before proposing entity-specific facts."",""Existing applicability intervals: []""]","35c5a20cdfaf4e7e7a788fd82d4c2b997e0fe878efe2392487968b8d61b9029f",""
"entity-tibet@1938/political-institutional","entity-tibet@1938","","Tibet","1938","political-institutional","MISSING","B","held-ambiguous","political-polity","true","[]","[]","[]","[]","{""map_identity_id"":""entity-tibet"",""aliases"":[],""historical_names"":[],""identifiers"":{}}","[""Snapshot context is not observation date or boundary date."",""Map geometry does not establish sovereignty or succession."",""Resolve historical identity before proposing entity-specific facts."",""Existing applicability intervals: []""]","35c5a20cdfaf4e7e7a788fd82d4c2b997e0fe878efe2392487968b8d61b9029f",""
"entity-tibet@1945/political-institutional","entity-tibet@1945","","Tibet","1945","political-institutional","MISSING","B","held-ambiguous","political-polity","true","[]","[]","[]","[]","{""map_identity_id"":""entity-tibet"",""aliases"":[],""historical_names"":[],""identifiers"":{}}","[""Snapshot context is not observation date or boundary date."",""Map geometry does not establish sovereignty or succession."",""Resolve historical identity before proposing entity-specific facts."",""Existing applicability intervals: []""]","35c5a20cdfaf4e7e7a788fd82d4c2b997e0fe878efe2392487968b8d61b9029f",""
"entity-tibet@1960/political-institutional","entity-tibet@1960","","Tibet","1960","political-institutional","MISSING","B","held-ambiguous","political-polity","true","[]","[]","[]","[]","{""map_identity_id"":""entity-tibet"",""aliases"":[],""historical_names"":[],""identifiers"":{}}","[""Snapshot context is not observation date or boundary date."",""Map geometry does not establish sovereignty or succession."",""Resolve historical identity before proposing entity-specific facts."",""Existing applicability intervals: []""]","35c5a20cdfaf4e7e7a788fd82d4c2b997e0fe878efe2392487968b8d61b9029f",""
"entity-morocco@1878/political-institutional","entity-morocco@1878","","Morocco","1878","political-institutional","MISSING","B","completely-empty","political-polity","true","[]","[]","[]","[]","{""map_identity_id"":""entity-morocco"",""aliases"":[],""historical_names"":[],""identifiers"":{}}","[""Snapshot context is not observation date or boundary date."",""Map geometry does not establish sovereignty or succession."",""Resolve historical identity before proposing entity-specific facts."",""Existing applicability intervals: []""]","35c5a20cdfaf4e7e7a788fd82d4c2b997e0fe878efe2392487968b8d61b9029f",""
"entity-morocco@1880/political-institutional","entity-morocco@1880","morocco-madrid-sultanate-framework","Morocco — sultanate at the Madrid convention","1880","political-institutional","PARTIAL","B","partially-supported","political-polity","false","[""Independent sultanate with foreign consular privileges"",""Sultan, foreign minister and local governors""]","[]","[]","[]","{""map_identity_id"":""entity-morocco"",""aliases"":[],""historical_names"":[{""value"":""Morocco — sultanate at the Madrid convention"",""kind"":""primary"",""validFrom"":""1880-07-03"",""validUntil"":""1880-07-04""}],""identifiers"":{}}","[""Snapshot context is not observation date or boundary date."",""Map geometry does not establish sovereignty or succession."",""Existing applicability intervals: [{\""kind\"":\""interval\"",\""from\"":\""1880-07-03\"",\""until\"":\""1880-07-04\""},{\""kind\"":\""interval\"",\""from\"":\""1880-07-03\"",\""until\"":\""1880-07-04\""}]""]","35c5a20cdfaf4e7e7a788fd82d4c2b997e0fe878efe2392487968b8d61b9029f",""
"entity-morocco@1900/political-institutional","entity-morocco@1900","","Morocco","1900","political-institutional","MISSING","B","completely-empty","political-polity","true","[]","[]","[]","[]","{""map_identity_id"":""entity-morocco"",""aliases"":[],""historical_names"":[],""identifiers"":{}}","[""Snapshot context is not observation date or boundary date."",""Map geometry does not establish sovereignty or succession."",""Resolve historical identity before proposing entity-specific facts."",""Existing applicability intervals: []""]","35c5a20cdfaf4e7e7a788fd82d4c2b997e0fe878efe2392487968b8d61b9029f",""
"entity-malaya@1800/political-institutional","entity-malaya@1800","","Malaya","1800","political-institutional","MISSING","B","held-ambiguous","dependent-administration","true","[]","[]","[]","[]","{""map_identity_id"":""entity-malaya"",""aliases"":[],""historical_names"":[],""identifiers"":{}}","[""Snapshot context is not observation date or boundary date."",""Map geometry does not establish sovereignty or succession."",""Resolve historical identity before proposing entity-specific facts."",""Existing applicability intervals: []""]","35c5a20cdfaf4e7e7a788fd82d4c2b997e0fe878efe2392487968b8d61b9029f",""
"entity-malaya@1815/political-institutional","entity-malaya@1815","","Malaya","1815","political-institutional","MISSING","B","held-ambiguous","dependent-administration","true","[]","[]","[]","[]","{""map_identity_id"":""entity-malaya"",""aliases"":[],""historical_names"":[],""identifiers"":{}}","[""Snapshot context is not observation date or boundary date."",""Map geometry does not establish sovereignty or succession."",""Resolve historical identity before proposing entity-specific facts."",""Existing applicability intervals: []""]","35c5a20cdfaf4e7e7a788fd82d4c2b997e0fe878efe2392487968b8d61b9029f",""
"entity-malaya@1878/political-institutional","entity-malaya@1878","","Malaya","1878","political-institutional","MISSING","B","held-ambiguous","dependent-administration","true","[]","[]","[]","[]","{""map_identity_id"":""entity-malaya"",""aliases"":[],""historical_names"":[],""identifiers"":{}}","[""Snapshot context is not observation date or boundary date."",""Map geometry does not establish sovereignty or succession."",""Resolve historical identity before proposing entity-specific facts."",""Existing applicability intervals: []""]","35c5a20cdfaf4e7e7a788fd82d4c2b997e0fe878efe2392487968b8d61b9029f",""
"entity-malaya@1880/political-institutional","entity-malaya@1880","","Malaya","1880","political-institutional","MISSING","B","held-ambiguous","dependent-administration","true","[]","[]","[]","[]","{""map_identity_id"":""entity-malaya"",""aliases"":[],""historical_names"":[],""identifiers"":{}}","[""Snapshot context is not observation date or boundary date."",""Map geometry does not establish sovereignty or succession."",""Resolve historical identity before proposing entity-specific facts."",""Existing applicability intervals: []""]","35c5a20cdfaf4e7e7a788fd82d4c2b997e0fe878efe2392487968b8d61b9029f",""
"entity-malaya@1900/political-institutional","entity-malaya@1900","","Malaya","1900","political-institutional","MISSING","B","held-ambiguous","dependent-administration","true","[]","[]","[]","[]","{""map_identity_id"":""entity-malaya"",""aliases"":[],""historical_names"":[],""identifiers"":{}}","[""Snapshot context is not observation date or boundary date."",""Map geometry does not establish sovereignty or succession."",""Resolve historical identity before proposing entity-specific facts."",""Existing applicability intervals: []""]","35c5a20cdfaf4e7e7a788fd82d4c2b997e0fe878efe2392487968b8d61b9029f",""
"entity-malaya@1914/political-institutional","entity-malaya@1914","","Malaya","1914","political-institutional","MISSING","B","held-ambiguous","dependent-administration","true","[]","[]","[]","[]","{""map_identity_id"":""entity-malaya"",""aliases"":[],""historical_names"":[],""identifiers"":{}}","[""Snapshot context is not observation date or boundary date."",""Map geometry does not establish sovereignty or succession."",""Resolve historical identity before proposing entity-specific facts."",""Existing applicability intervals: []""]","35c5a20cdfaf4e7e7a788fd82d4c2b997e0fe878efe2392487968b8d61b9029f",""
"entity-cuba@1914/political-institutional","entity-cuba@1914","","Cuba","1914","political-institutional","MISSING","B","completely-empty","political-polity","true","[]","[]","[]","[]","{""map_identity_id"":""entity-cuba"",""aliases"":[],""historical_names"":[],""identifiers"":{}}","[""Snapshot context is not observation date or boundary date."",""Map geometry does not establish sovereignty or succession."",""Resolve historical identity before proposing entity-specific facts."",""Existing applicability intervals: []""]","35c5a20cdfaf4e7e7a788fd82d4c2b997e0fe878efe2392487968b8d61b9029f",""
"entity-cuba@1920/political-institutional","entity-cuba@1920","","Cuba","1920","political-institutional","MISSING","B","completely-empty","political-polity","true","[]","[]","[]","[]","{""map_identity_id"":""entity-cuba"",""aliases"":[],""historical_names"":[],""identifiers"":{}}","[""Snapshot context is not observation date or boundary date."",""Map geometry does not establish sovereignty or succession."",""Resolve historical identity before proposing entity-specific facts."",""Existing applicability intervals: []""]","35c5a20cdfaf4e7e7a788fd82d4c2b997e0fe878efe2392487968b8d61b9029f",""
"entity-cuba@1930/political-institutional","entity-cuba@1930","","Cuba","1930","political-institutional","MISSING","B","completely-empty","political-polity","true","[]","[]","[]","[]","{""map_identity_id"":""entity-cuba"",""aliases"":[],""historical_names"":[],""identifiers"":{}}","[""Snapshot context is not observation date or boundary date."",""Map geometry does not establish sovereignty or succession."",""Resolve historical identity before proposing entity-specific facts."",""Existing applicability intervals: []""]","35c5a20cdfaf4e7e7a788fd82d4c2b997e0fe878efe2392487968b8d61b9029f",""
"entity-cuba@1938/political-institutional","entity-cuba@1938","","Cuba","1938","political-institutional","MISSING","B","completely-empty","political-polity","true","[]","[]","[]","[]","{""map_identity_id"":""entity-cuba"",""aliases"":[],""historical_names"":[],""identifiers"":{}}","[""Snapshot context is not observation date or boundary date."",""Map geometry does not establish sovereignty or succession."",""Resolve historical identity before proposing entity-specific facts."",""Existing applicability intervals: []""]","35c5a20cdfaf4e7e7a788fd82d4c2b997e0fe878efe2392487968b8d61b9029f",""
"entity-cuba@1945/political-institutional","entity-cuba@1945","","Cuba","1945","political-institutional","MISSING","B","completely-empty","political-polity","true","[]","[]","[]","[]","{""map_identity_id"":""entity-cuba"",""aliases"":[],""historical_names"":[],""identifiers"":{}}","[""Snapshot context is not observation date or boundary date."",""Map geometry does not establish sovereignty or succession."",""Resolve historical identity before proposing entity-specific facts."",""Existing applicability intervals: []""]","35c5a20cdfaf4e7e7a788fd82d4c2b997e0fe878efe2392487968b8d61b9029f",""
"entity-cuba@1960/political-institutional","entity-cuba@1960","b10-cuba-revolutionary-1960-january","Cuba — revolutionary government attested 21 January 1960","1960","political-institutional","PARTIAL","B","partially-supported","political-polity","false","[""Republic of Cuba under the revolutionary government"",""Prime Minister and President within the revolutionary government""]","[]","[]","[]","{""map_identity_id"":""entity-cuba"",""aliases"":[],""historical_names"":[{""value"":""Cuba — revolutionary government attested 21 January 1960"",""kind"":""primary"",""validFrom"":""1960-01-21"",""validUntil"":""1960-01-22""}],""identifiers"":{}}","[""Snapshot context is not observation date or boundary date."",""Map geometry does not establish sovereignty or succession."",""Existing applicability intervals: [{\""kind\"":\""interval\"",\""from\"":\""1960-01-21\"",\""until\"":\""1960-01-22\""},{\""kind\"":\""interval\"",\""from\"":\""1960-01-21\"",\""until\"":\""1960-01-22\""}]""]","35c5a20cdfaf4e7e7a788fd82d4c2b997e0fe878efe2392487968b8d61b9029f",""
"entity-greece@1914/political-institutional","entity-greece@1914","","Greece","1914","political-institutional","MISSING","B","completely-empty","political-polity","true","[]","[]","[]","[]","{""map_identity_id"":""entity-greece"",""aliases"":[],""historical_names"":[],""identifiers"":{}}","[""Snapshot context is not observation date or boundary date."",""Map geometry does not establish sovereignty or succession."",""Resolve historical identity before proposing entity-specific facts."",""Existing applicability intervals: []""]","35c5a20cdfaf4e7e7a788fd82d4c2b997e0fe878efe2392487968b8d61b9029f",""
"entity-greece@1920/political-institutional","entity-greece@1920","","Greece","1920","political-institutional","MISSING","B","completely-empty","political-polity","true","[]","[]","[]","[]","{""map_identity_id"":""entity-greece"",""aliases"":[],""historical_names"":[],""identifiers"":{}}","[""Snapshot context is not observation date or boundary date."",""Map geometry does not establish sovereignty or succession."",""Resolve historical identity before proposing entity-specific facts."",""Existing applicability intervals: []""]","35c5a20cdfaf4e7e7a788fd82d4c2b997e0fe878efe2392487968b8d61b9029f",""
"entity-greece@1938/political-institutional","entity-greece@1938","","Greece","1938","political-institutional","MISSING","B","completely-empty","political-polity","true","[]","[]","[]","[]","{""map_identity_id"":""entity-greece"",""aliases"":[],""historical_names"":[],""identifiers"":{}}","[""Snapshot context is not observation date or boundary date."",""Map geometry does not establish sovereignty or succession."",""Resolve historical identity before proposing entity-specific facts."",""Existing applicability intervals: []""]","35c5a20cdfaf4e7e7a788fd82d4c2b997e0fe878efe2392487968b8d61b9029f",""
"entity-greece@1945/political-institutional","entity-greece@1945","","Greece","1945","political-institutional","MISSING","B","completely-empty","political-polity","true","[]","[]","[]","[]","{""map_identity_id"":""entity-greece"",""aliases"":[],""historical_names"":[],""identifiers"":{}}","[""Snapshot context is not observation date or boundary date."",""Map geometry does not establish sovereignty or succession."",""Resolve historical identity before proposing entity-specific facts."",""Existing applicability intervals: []""]","35c5a20cdfaf4e7e7a788fd82d4c2b997e0fe878efe2392487968b8d61b9029f",""
"entity-angola@1900/political-institutional","entity-angola@1900","","Angola","1900","political-institutional","MISSING","B","completely-empty","dependent-administration","true","[]","[]","[]","[]","{""map_identity_id"":""entity-angola"",""aliases"":[],""historical_names"":[],""identifiers"":{}}","[""Snapshot context is not observation date or boundary date."",""Map geometry does not establish sovereignty or succession."",""Resolve historical identity before proposing entity-specific facts."",""Existing applicability intervals: []""]","35c5a20cdfaf4e7e7a788fd82d4c2b997e0fe878efe2392487968b8d61b9029f",""
"entity-angola@1914/political-institutional","entity-angola@1914","","Angola","1914","political-institutional","MISSING","B","completely-empty","dependent-administration","true","[]","[]","[]","[]","{""map_identity_id"":""entity-angola"",""aliases"":[],""historical_names"":[],""identifiers"":{}}","[""Snapshot context is not observation date or boundary date."",""Map geometry does not establish sovereignty or succession."",""Resolve historical identity before proposing entity-specific facts."",""Existing applicability intervals: []""]","35c5a20cdfaf4e7e7a788fd82d4c2b997e0fe878efe2392487968b8d61b9029f",""
"entity-angola@1930/political-institutional","entity-angola@1930","","Angola","1930","political-institutional","MISSING","B","completely-empty","dependent-administration","true","[]","[]","[]","[]","{""map_identity_id"":""entity-angola"",""aliases"":[],""historical_names"":[],""identifiers"":{}}","[""Snapshot context is not observation date or boundary date."",""Map geometry does not establish sovereignty or succession."",""Resolve historical identity before proposing entity-specific facts."",""Existing applicability intervals: []""]","35c5a20cdfaf4e7e7a788fd82d4c2b997e0fe878efe2392487968b8d61b9029f",""
"entity-nepal@1800/political-institutional","entity-nepal@1800","","Nepal","1800","political-institutional","MISSING","B","completely-empty","political-polity","true","[]","[]","[]","[]","{""map_identity_id"":""entity-nepal"",""aliases"":[],""historical_names"":[],""identifiers"":{}}","[""Snapshot context is not observation date or boundary date."",""Map geometry does not establish sovereignty or succession."",""Resolve historical identity before proposing entity-specific facts."",""Existing applicability intervals: []""]","35c5a20cdfaf4e7e7a788fd82d4c2b997e0fe878efe2392487968b8d61b9029f",""
"entity-nepal@1815/political-institutional","entity-nepal@1815","","Nepal","1815","political-institutional","MISSING","B","completely-empty","political-polity","true","[]","[]","[]","[]","{""map_identity_id"":""entity-nepal"",""aliases"":[],""historical_names"":[],""identifiers"":{}}","[""Snapshot context is not observation date or boundary date."",""Map geometry does not establish sovereignty or succession."",""Resolve historical identity before proposing entity-specific facts."",""Existing applicability intervals: []""]","35c5a20cdfaf4e7e7a788fd82d4c2b997e0fe878efe2392487968b8d61b9029f",""
"entity-nepal@1960/political-institutional","entity-nepal@1960","","Nepal","1960","political-institutional","MISSING","B","held-ambiguous","political-polity","true","[]","[]","[]","[]","{""map_identity_id"":""entity-nepal"",""aliases"":[],""historical_names"":[],""identifiers"":{}}","[""Snapshot context is not observation date or boundary date."",""Map geometry does not establish sovereignty or succession."",""Resolve historical identity before proposing entity-specific facts."",""Existing applicability intervals: []""]","35c5a20cdfaf4e7e7a788fd82d4c2b997e0fe878efe2392487968b8d61b9029f",""
"entity-paraguay@1938/political-institutional","entity-paraguay@1938","","Paraguay","1938","political-institutional","MISSING","B","completely-empty","political-polity","true","[]","[]","[]","[]","{""map_identity_id"":""entity-paraguay"",""aliases"":[],""historical_names"":[],""identifiers"":{}}","[""Snapshot context is not observation date or boundary date."",""Map geometry does not establish sovereignty or succession."",""Resolve historical identity before proposing entity-specific facts."",""Existing applicability intervals: []""]","35c5a20cdfaf4e7e7a788fd82d4c2b997e0fe878efe2392487968b8d61b9029f",""
"entity-uruguay@1878/political-institutional","entity-uruguay@1878","","Uruguay","1878","political-institutional","MISSING","B","completely-empty","political-polity","true","[]","[]","[]","[]","{""map_identity_id"":""entity-uruguay"",""aliases"":[],""historical_names"":[],""identifiers"":{}}","[""Snapshot context is not observation date or boundary date."",""Map geometry does not establish sovereignty or succession."",""Resolve historical identity before proposing entity-specific facts."",""Existing applicability intervals: []""]","35c5a20cdfaf4e7e7a788fd82d4c2b997e0fe878efe2392487968b8d61b9029f",""
"entity-uruguay@1880/political-institutional","entity-uruguay@1880","","Uruguay","1880","political-institutional","MISSING","B","completely-empty","political-polity","true","[]","[]","[]","[]","{""map_identity_id"":""entity-uruguay"",""aliases"":[],""historical_names"":[],""identifiers"":{}}","[""Snapshot context is not observation date or boundary date."",""Map geometry does not establish sovereignty or succession."",""Resolve historical identity before proposing entity-specific facts."",""Existing applicability intervals: []""]","35c5a20cdfaf4e7e7a788fd82d4c2b997e0fe878efe2392487968b8d61b9029f",""
"entity-uruguay@1938/political-institutional","entity-uruguay@1938","","Uruguay","1938","political-institutional","MISSING","B","completely-empty","political-polity","true","[]","[]","[]","[]","{""map_identity_id"":""entity-uruguay"",""aliases"":[],""historical_names"":[],""identifiers"":{}}","[""Snapshot context is not observation date or boundary date."",""Map geometry does not establish sovereignty or succession."",""Resolve historical identity before proposing entity-specific facts."",""Existing applicability intervals: []""]","35c5a20cdfaf4e7e7a788fd82d4c2b997e0fe878efe2392487968b8d61b9029f",""
"entity-ceylon@1815/political-institutional","entity-ceylon@1815","","Ceylon","1815","political-institutional","MISSING","B","held-ambiguous","dependent-administration","true","[]","[]","[]","[]","{""map_identity_id"":""entity-ceylon"",""aliases"":[],""historical_names"":[],""identifiers"":{}}","[""Snapshot context is not observation date or boundary date."",""Map geometry does not establish sovereignty or succession."",""Resolve historical identity before proposing entity-specific facts."",""Existing applicability intervals: []""]","35c5a20cdfaf4e7e7a788fd82d4c2b997e0fe878efe2392487968b8d61b9029f",""
"entity-chile@1930/political-institutional","entity-chile@1930","","Chile","1930","political-institutional","MISSING","B","completely-empty","political-polity","true","[]","[]","[]","[]","{""map_identity_id"":""entity-chile"",""aliases"":[],""historical_names"":[],""identifiers"":{}}","[""Snapshot context is not observation date or boundary date."",""Map geometry does not establish sovereignty or succession."",""Resolve historical identity before proposing entity-specific facts."",""Existing applicability intervals: []""]","35c5a20cdfaf4e7e7a788fd82d4c2b997e0fe878efe2392487968b8d61b9029f",""
"entity-czechoslovakia@1920/political-institutional","entity-czechoslovakia@1920","","Czechoslovakia","1920","political-institutional","MISSING","B","completely-empty","political-polity","true","[]","[]","[]","[]","{""map_identity_id"":""entity-czechoslovakia"",""aliases"":[],""historical_names"":[],""identifiers"":{}}","[""Snapshot context is not observation date or boundary date."",""Map geometry does not establish sovereignty or succession."",""Resolve historical identity before proposing entity-specific facts."",""Existing applicability intervals: []""]","35c5a20cdfaf4e7e7a788fd82d4c2b997e0fe878efe2392487968b8d61b9029f",""
"entity-czechoslovakia@1938/political-institutional","entity-czechoslovakia@1938","","Czechoslovakia","1938","political-institutional","MISSING","B","completely-empty","political-polity","true","[]","[]","[]","[]","{""map_identity_id"":""entity-czechoslovakia"",""aliases"":[],""historical_names"":[],""identifiers"":{}}","[""Snapshot context is not observation date or boundary date."",""Map geometry does not establish sovereignty or succession."",""Resolve historical identity before proposing entity-specific facts."",""Existing applicability intervals: []""]","35c5a20cdfaf4e7e7a788fd82d4c2b997e0fe878efe2392487968b8d61b9029f",""
"entity-czechoslovakia@1945/political-institutional","entity-czechoslovakia@1945","czechoslovakia-provisional-1945-framework","Czechoslovakia — postwar provisional parliamentary framework","1945","political-institutional","PARTIAL","B","partially-supported","political-polity","false","[""Restored republic with provisional postwar institutions"",""Unicameral Provisional National Assembly""]","[]","[]","[]","{""map_identity_id"":""entity-czechoslovakia"",""aliases"":[],""historical_names"":[{""value"":""Czechoslovakia — postwar provisional parliamentary framework"",""kind"":""primary"",""validFrom"":""1945-10-28"",""validUntil"":""1946-01-01""}],""identifiers"":{}}","[""Snapshot context is not observation date or boundary date."",""Map geometry does not establish sovereignty or succession."",""Existing applicability intervals: [{\""kind\"":\""interval\"",\""from\"":\""1945-10-28\"",\""until\"":\""1946-01-01\""},{\""kind\"":\""interval\"",\""from\"":\""1945-10-28\"",\""until\"":\""1946-01-01\""}]""]","35c5a20cdfaf4e7e7a788fd82d4c2b997e0fe878efe2392487968b8d61b9029f",""
"entity-madagascar@1800/political-institutional","entity-madagascar@1800","","Madagascar","1800","political-institutional","MISSING","B","completely-empty","political-polity","true","[]","[]","[]","[]","{""map_identity_id"":""entity-madagascar"",""aliases"":[],""historical_names"":[],""identifiers"":{}}","[""Snapshot context is not observation date or boundary date."",""Map geometry does not establish sovereignty or succession."",""Resolve historical identity before proposing entity-specific facts."",""Existing applicability intervals: []""]","35c5a20cdfaf4e7e7a788fd82d4c2b997e0fe878efe2392487968b8d61b9029f",""
"entity-madagascar@1960/political-institutional","entity-madagascar@1960","","Madagascar","1960","political-institutional","MISSING","B","held-ambiguous","political-polity","true","[]","[]","[]","[]","{""map_identity_id"":""entity-madagascar"",""aliases"":[],""historical_names"":[],""identifiers"":{}}","[""Snapshot context is not observation date or boundary date."",""Map geometry does not establish sovereignty or succession."",""Resolve historical identity before proposing entity-specific facts."",""Existing applicability intervals: []""]","35c5a20cdfaf4e7e7a788fd82d4c2b997e0fe878efe2392487968b8d61b9029f",""
"entity-angola-portugal@1878/political-institutional","entity-angola-portugal@1878","","Angola (Portugal)","1878","political-institutional","MISSING","B","completely-empty","dependent-administration","true","[]","[]","[]","[]","{""map_identity_id"":""entity-angola-portugal"",""aliases"":[],""historical_names"":[],""identifiers"":{}}","[""Snapshot context is not observation date or boundary date."",""Map geometry does not establish sovereignty or succession."",""Resolve historical identity before proposing entity-specific facts."",""Existing applicability intervals: []""]","35c5a20cdfaf4e7e7a788fd82d4c2b997e0fe878efe2392487968b8d61b9029f",""
"entity-angola-portugal@1880/political-institutional","entity-angola-portugal@1880","","Angola (Portugal)","1880","political-institutional","MISSING","B","completely-empty","dependent-administration","true","[]","[]","[]","[]","{""map_identity_id"":""entity-angola-portugal"",""aliases"":[],""historical_names"":[],""identifiers"":{}}","[""Snapshot context is not observation date or boundary date."",""Map geometry does not establish sovereignty or succession."",""Resolve historical identity before proposing entity-specific facts."",""Existing applicability intervals: []""]","35c5a20cdfaf4e7e7a788fd82d4c2b997e0fe878efe2392487968b8d61b9029f",""
"entity-emirate-of-bin-shal-an@1920/political-institutional","entity-emirate-of-bin-shal-an@1920","","Emirate of Bin Shal'an","1920","political-institutional","MISSING","B","held-ambiguous","political-polity","true","[]","[]","[]","[]","{""map_identity_id"":""entity-emirate-of-bin-shal-an"",""aliases"":[],""historical_names"":[],""identifiers"":{}}","[""Snapshot context is not observation date or boundary date."",""Map geometry does not establish sovereignty or succession."",""Resolve historical identity before proposing entity-specific facts."",""Existing applicability intervals: []""]","35c5a20cdfaf4e7e7a788fd82d4c2b997e0fe878efe2392487968b8d61b9029f",""
"entity-emirate-of-bin-shal-an@1930/political-institutional","entity-emirate-of-bin-shal-an@1930","","Emirate of Bin Shal'an","1930","political-institutional","MISSING","B","held-ambiguous","political-polity","true","[]","[]","[]","[]","{""map_identity_id"":""entity-emirate-of-bin-shal-an"",""aliases"":[],""historical_names"":[],""identifiers"":{}}","[""Snapshot context is not observation date or boundary date."",""Map geometry does not establish sovereignty or succession."",""Resolve historical identity before proposing entity-specific facts."",""Existing applicability intervals: []""]","35c5a20cdfaf4e7e7a788fd82d4c2b997e0fe878efe2392487968b8d61b9029f",""
"entity-emirate-of-bin-shal-an@1938/political-institutional","entity-emirate-of-bin-shal-an@1938","","Emirate of Bin Shal'an","1938","political-institutional","MISSING","B","held-ambiguous","political-polity","true","[]","[]","[]","[]","{""map_identity_id"":""entity-emirate-of-bin-shal-an"",""aliases"":[],""historical_names"":[],""identifiers"":{}}","[""Snapshot context is not observation date or boundary date."",""Map geometry does not establish sovereignty or succession."",""Resolve historical identity before proposing entity-specific facts."",""Existing applicability intervals: []""]","35c5a20cdfaf4e7e7a788fd82d4c2b997e0fe878efe2392487968b8d61b9029f",""
"entity-nigeria@1960/political-institutional","entity-nigeria@1960","","Nigeria","1960","political-institutional","MISSING","B","held-ambiguous","dependent-administration","true","[]","[]","[]","[]","{""map_identity_id"":""entity-nigeria"",""aliases"":[],""historical_names"":[],""identifiers"":{}}","[""Snapshot context is not observation date or boundary date."",""Map geometry does not establish sovereignty or succession."",""Resolve historical identity before proposing entity-specific facts."",""Existing applicability intervals: []""]","35c5a20cdfaf4e7e7a788fd82d4c2b997e0fe878efe2392487968b8d61b9029f",""
"entity-burma@1945/political-institutional","entity-burma@1945","","Burma","1945","political-institutional","MISSING","B","completely-empty","political-polity","true","[]","[]","[]","[]","{""map_identity_id"":""entity-burma"",""aliases"":[],""historical_names"":[],""identifiers"":{}}","[""Snapshot context is not observation date or boundary date."",""Map geometry does not establish sovereignty or succession."",""Resolve historical identity before proposing entity-specific facts."",""Existing applicability intervals: []""]","35c5a20cdfaf4e7e7a788fd82d4c2b997e0fe878efe2392487968b8d61b9029f",""
"entity-burma@1960/political-institutional","entity-burma@1960","","Burma","1960","political-institutional","MISSING","B","held-ambiguous","political-polity","true","[]","[]","[]","[]","{""map_identity_id"":""entity-burma"",""aliases"":[],""historical_names"":[],""identifiers"":{}}","[""Snapshot context is not observation date or boundary date."",""Map geometry does not establish sovereignty or succession."",""Resolve historical identity before proposing entity-specific facts."",""Existing applicability intervals: []""]","35c5a20cdfaf4e7e7a788fd82d4c2b997e0fe878efe2392487968b8d61b9029f",""
"entity-venezuela@1945/political-institutional","entity-venezuela@1945","","Venezuela","1945","political-institutional","MISSING","B","held-ambiguous","political-polity","true","[]","[]","[]","[]","{""map_identity_id"":""entity-venezuela"",""aliases"":[],""historical_names"":[],""identifiers"":{}}","[""Snapshot context is not observation date or boundary date."",""Map geometry does not establish sovereignty or succession."",""Resolve historical identity before proposing entity-specific facts."",""Existing applicability intervals: []""]","35c5a20cdfaf4e7e7a788fd82d4c2b997e0fe878efe2392487968b8d61b9029f",""
"entity-yugoslavia@1945/political-institutional","entity-yugoslavia@1945","","Yugoslavia","1945","political-institutional","MISSING","B","held-ambiguous","political-polity","true","[]","[]","[]","[]","{""map_identity_id"":""entity-yugoslavia"",""aliases"":[],""historical_names"":[],""identifiers"":{}}","[""Snapshot context is not observation date or boundary date."",""Map geometry does not establish sovereignty or succession."",""Resolve historical identity before proposing entity-specific facts."",""Existing applicability intervals: []""]","35c5a20cdfaf4e7e7a788fd82d4c2b997e0fe878efe2392487968b8d61b9029f",""
"entity-mesopotamia-gb@1920/political-institutional","entity-mesopotamia-gb@1920","","Mesopotamia (GB)","1920","political-institutional","MISSING","B","held-ambiguous","dependent-administration","true","[]","[]","[]","[]","{""map_identity_id"":""entity-mesopotamia-gb"",""aliases"":[],""historical_names"":[],""identifiers"":{}}","[""Snapshot context is not observation date or boundary date."",""Map geometry does not establish sovereignty or succession."",""Resolve historical identity before proposing entity-specific facts."",""Existing applicability intervals: []""]","35c5a20cdfaf4e7e7a788fd82d4c2b997e0fe878efe2392487968b8d61b9029f",""
"entity-mesopotamia-gb@1938/political-institutional","entity-mesopotamia-gb@1938","","Mesopotamia (GB)","1938","political-institutional","MISSING","B","held-ambiguous","dependent-administration","true","[]","[]","[]","[]","{""map_identity_id"":""entity-mesopotamia-gb"",""aliases"":[],""historical_names"":[],""identifiers"":{}}","[""Snapshot context is not observation date or boundary date."",""Map geometry does not establish sovereignty or succession."",""Resolve historical identity before proposing entity-specific facts."",""Existing applicability intervals: []""]","35c5a20cdfaf4e7e7a788fd82d4c2b997e0fe878efe2392487968b8d61b9029f",""
"entity-syria-france@1920/political-institutional","entity-syria-france@1920","","Syria (France)","1920","political-institutional","MISSING","B","completely-empty","dependent-administration","true","[]","[]","[]","[]","{""map_identity_id"":""entity-syria-france"",""aliases"":[],""historical_names"":[],""identifiers"":{}}","[""Snapshot context is not observation date or boundary date."",""Map geometry does not establish sovereignty or succession."",""Resolve historical identity before proposing entity-specific facts."",""Existing applicability intervals: []""]","35c5a20cdfaf4e7e7a788fd82d4c2b997e0fe878efe2392487968b8d61b9029f",""
"entity-syria-france@1930/political-institutional","entity-syria-france@1930","","Syria (France)","1930","political-institutional","MISSING","B","completely-empty","dependent-administration","true","[]","[]","[]","[]","{""map_identity_id"":""entity-syria-france"",""aliases"":[],""historical_names"":[],""identifiers"":{}}","[""Snapshot context is not observation date or boundary date."",""Map geometry does not establish sovereignty or succession."",""Resolve historical identity before proposing entity-specific facts."",""Existing applicability intervals: []""]","35c5a20cdfaf4e7e7a788fd82d4c2b997e0fe878efe2392487968b8d61b9029f",""
"entity-serbia@1878/political-institutional","entity-serbia@1878","serbian-independent-principality-framework","Principality of Serbia — independent framework","1878","political-institutional","PARTIAL","B","partially-supported","political-polity","false","[""Independent principality"",""Princely government and National Assembly under the 1869 constitution""]","[]","[]","[]","{""map_identity_id"":""entity-serbia"",""aliases"":[],""historical_names"":[{""value"":""Principality of Serbia — independent framework"",""kind"":""primary"",""validFrom"":""1878-07-13"",""validUntil"":""1881-01-01""}],""identifiers"":{}}","[""Snapshot context is not observation date or boundary date."",""Map geometry does not establish sovereignty or succession."",""Existing applicability intervals: [{\""kind\"":\""interval\"",\""from\"":\""1878-07-13\"",\""until\"":\""1881-01-01\""},{\""kind\"":\""interval\"",\""from\"":\""1878-07-13\"",\""until\"":\""1881-01-01\""}]""]","35c5a20cdfaf4e7e7a788fd82d4c2b997e0fe878efe2392487968b8d61b9029f",""
"entity-serbia@1900/political-institutional","entity-serbia@1900","","Serbia","1900","political-institutional","MISSING","B","completely-empty","political-polity","true","[]","[]","[]","[]","{""map_identity_id"":""entity-serbia"",""aliases"":[],""historical_names"":[],""identifiers"":{}}","[""Snapshot context is not observation date or boundary date."",""Map geometry does not establish sovereignty or succession."",""Resolve historical identity before proposing entity-specific facts."",""Existing applicability intervals: []""]","35c5a20cdfaf4e7e7a788fd82d4c2b997e0fe878efe2392487968b8d61b9029f",""
"entity-switzerland@1815/political-institutional","entity-switzerland@1815","swiss-confederation-1815","Swiss Confederation","1815","political-institutional","PARTIAL","B","partially-supported","political-polity","false","[""Confederation under the Federal Treaty"",""Tagsatzung (Federal Diet); cantons retain substantial powers""]","[]","[]","[]","{""map_identity_id"":""entity-switzerland"",""aliases"":[],""historical_names"":[{""value"":""Swiss Confederation"",""kind"":""primary"",""validFrom"":""1815-08-07"",""validUntil"":""1848""}],""identifiers"":{}}","[""Snapshot context is not observation date or boundary date."",""Map geometry does not establish sovereignty or succession."",""Existing applicability intervals: [{\""kind\"":\""interval\"",\""from\"":\""1815-08-07\"",\""until\"":\""1848\""},{\""kind\"":\""interval\"",\""from\"":\""1815-08-07\"",\""until\"":\""1848\""}]""]","35c5a20cdfaf4e7e7a788fd82d4c2b997e0fe878efe2392487968b8d61b9029f",""
"entity-rhodesia@1914/political-institutional","entity-rhodesia@1914","","Rhodesia","1914","political-institutional","MISSING","B","held-ambiguous","dependent-administration","true","[]","[]","[]","[]","{""map_identity_id"":""entity-rhodesia"",""aliases"":[],""historical_names"":[],""identifiers"":{}}","[""Snapshot context is not observation date or boundary date."",""Map geometry does not establish sovereignty or succession."",""Resolve historical identity before proposing entity-specific facts."",""Existing applicability intervals: []""]","35c5a20cdfaf4e7e7a788fd82d4c2b997e0fe878efe2392487968b8d61b9029f",""
"entity-rhodesia@1945/political-institutional","entity-rhodesia@1945","","Rhodesia","1945","political-institutional","MISSING","B","held-ambiguous","dependent-administration","true","[]","[]","[]","[]","{""map_identity_id"":""entity-rhodesia"",""aliases"":[],""historical_names"":[],""identifiers"":{}}","[""Snapshot context is not observation date or boundary date."",""Map geometry does not establish sovereignty or succession."",""Resolve historical identity before proposing entity-specific facts."",""Existing applicability intervals: []""]","35c5a20cdfaf4e7e7a788fd82d4c2b997e0fe878efe2392487968b8d61b9029f",""
"entity-niger@1945/political-institutional","entity-niger@1945","","Niger","1945","political-institutional","MISSING","B","completely-empty","dependent-administration","true","[]","[]","[]","[]","{""map_identity_id"":""entity-niger"",""aliases"":[],""historical_names"":[],""identifiers"":{}}","[""Snapshot context is not observation date or boundary date."",""Map geometry does not establish sovereignty or succession."",""Resolve historical identity before proposing entity-specific facts."",""Existing applicability intervals: []""]","35c5a20cdfaf4e7e7a788fd82d4c2b997e0fe878efe2392487968b8d61b9029f",""
"entity-niger@1960/political-institutional","entity-niger@1960","b16-niger-independence","Republic of Niger — independence period","1960","political-institutional","PARTIAL","B","partially-supported","dependent-administration","false","[""Independent republic""]","[]","[]","[]","{""map_identity_id"":""entity-niger"",""aliases"":[],""historical_names"":[{""value"":""Republic of Niger — independence period"",""kind"":""primary"",""validFrom"":""1960-08-03"",""validUntil"":""1961-01-01""}],""identifiers"":{}}","[""Snapshot context is not observation date or boundary date."",""Map geometry does not establish sovereignty or succession."",""Existing applicability intervals: [{\""kind\"":\""interval\"",\""from\"":\""1960-08-03\"",\""until\"":\""1961-01-01\""}]""]","35c5a20cdfaf4e7e7a788fd82d4c2b997e0fe878efe2392487968b8d61b9029f",""
"entity-viceroyalty-of-new-granada@1800/political-institutional","entity-viceroyalty-of-new-granada@1800","new-granada-recovery-1800","Viceroyalty of New Granada — institutional context","1800","political-institutional","PARTIAL","B","partially-supported","dependent-administration","false","[""Spanish monarchical viceroyalty"",""Crown administration through a viceroy, royal audiencia, governors and municipal cabildos""]","[]","[{""id"":""new-granada-recovery-1800-context"",""description"":""New Granada viceroyal institutional framework and Santa Fe administrative seat; no claim of full control over schematic raw geometry or equivalence to modern Colombia."",""relationship"":""same""},{""id"":""new-granada-recovery-1800-context"",""description"":""New Granada viceroyal institutional framework and Santa Fe administrative seat; no claim of full control over schematic raw geometry or equivalence to modern Colombia."",""relationship"":""same""}]","[]","{""map_identity_id"":""entity-viceroyalty-of-new-granada"",""aliases"":[],""historical_names"":[{""value"":""Viceroyalty of New Granada — institutional context"",""kind"":""primary"",""validFrom"":""1800-01-01"",""validUntil"":""1801-01-01""}],""identifiers"":{}}","[""Snapshot context is not observation date or boundary date."",""Map geometry does not establish sovereignty or succession."",""Existing applicability intervals: [{\""from\"":\""1800\"",\""certainty\"":\""exact\"",\""until\"":\""1800\"",\""kind\"":\""interval\""},{\""from\"":\""1800\"",\""certainty\"":\""exact\"",\""until\"":\""1800\"",\""kind\"":\""interval\""}]""]","35c5a20cdfaf4e7e7a788fd82d4c2b997e0fe878efe2392487968b8d61b9029f",""
"entity-viceroyalty-of-new-granada@1815/political-institutional","entity-viceroyalty-of-new-granada@1815","new-granada-recovery-1815","New Granada — fragmented authority and reconquest context","1815","political-institutional","PARTIAL","B","partially-supported","composite-political-region","false","[""Fragmented New Granada region amid independence struggles and Spanish reconquest"",""Competing provincial republican institutions and royalist forces; no uniform regional government""]","[]","[{""id"":""new-granada-recovery-1815-context"",""description"":""Former New Granada colonial region and competing provincial/royalist institutions; contextual regional identity, not a single sovereign polity or uniform administration of the raw outline."",""relationship"":""same""},{""id"":""new-granada-recovery-1815-context"",""description"":""Former New Granada colonial region and competing provincial/royalist institutions; contextual regional identity, not a single sovereign polity or uniform administration of the raw outline."",""relationship"":""same""}]","[]","{""map_identity_id"":""entity-viceroyalty-of-new-granada"",""aliases"":[],""historical_names"":[{""value"":""New Granada — fragmented authority and reconquest context"",""kind"":""primary"",""validFrom"":""1815-01-01"",""validUntil"":""1816-01-01""}],""identifiers"":{}}","[""Snapshot context is not observation date or boundary date."",""Map geometry does not establish sovereignty or succession."",""Existing applicability intervals: [{\""from\"":\""1815\"",\""certainty\"":\""exact\"",\""until\"":\""1815\"",\""kind\"":\""interval\""},{\""from\"":\""1815\"",\""certainty\"":\""exact\"",\""until\"":\""1815\"",\""kind\"":\""interval\""}]""]","35c5a20cdfaf4e7e7a788fd82d4c2b997e0fe878efe2392487968b8d61b9029f",""
"entity-libya-it@1920/political-institutional","entity-libya-it@1920","","Libya (IT)","1920","political-institutional","MISSING","B","completely-empty","dependent-administration","true","[]","[]","[]","[]","{""map_identity_id"":""entity-libya-it"",""aliases"":[],""historical_names"":[],""identifiers"":{}}","[""Snapshot context is not observation date or boundary date."",""Map geometry does not establish sovereignty or succession."",""Resolve historical identity before proposing entity-specific facts."",""Existing applicability intervals: []""]","35c5a20cdfaf4e7e7a788fd82d4c2b997e0fe878efe2392487968b8d61b9029f",""
"entity-pakistan@1945/political-institutional","entity-pakistan@1945","","Pakistan","1945","political-institutional","MISSING","B","held-ambiguous","political-polity","true","[]","[]","[]","[]","{""map_identity_id"":""entity-pakistan"",""aliases"":[],""historical_names"":[],""identifiers"":{}}","[""Snapshot context is not observation date or boundary date."",""Map geometry does not establish sovereignty or succession."",""Resolve historical identity before proposing entity-specific facts."",""Existing applicability intervals: []""]","35c5a20cdfaf4e7e7a788fd82d4c2b997e0fe878efe2392487968b8d61b9029f",""
"entity-chad@1960/political-institutional","entity-chad@1960","","Chad","1960","political-institutional","MISSING","B","held-ambiguous","dependent-administration","true","[]","[]","[]","[]","{""map_identity_id"":""entity-chad"",""aliases"":[],""historical_names"":[],""identifiers"":{}}","[""Snapshot context is not observation date or boundary date."",""Map geometry does not establish sovereignty or succession."",""Resolve historical identity before proposing entity-specific facts."",""Existing applicability intervals: []""]","35c5a20cdfaf4e7e7a788fd82d4c2b997e0fe878efe2392487968b8d61b9029f",""
"entity-mauritania@1960/political-institutional","entity-mauritania@1960","","Mauritania","1960","political-institutional","MISSING","B","held-ambiguous","dependent-administration","true","[]","[]","[]","[]","{""map_identity_id"":""entity-mauritania"",""aliases"":[],""historical_names"":[],""identifiers"":{}}","[""Snapshot context is not observation date or boundary date."",""Map geometry does not establish sovereignty or succession."",""Resolve historical identity before proposing entity-specific facts."",""Existing applicability intervals: []""]","35c5a20cdfaf4e7e7a788fd82d4c2b997e0fe878efe2392487968b8d61b9029f",""
"entity-tunis@1815/political-institutional","entity-tunis@1815","tunis-beylical-1815-framework","Tunis — Beylical Regency in 1815","1815","political-institutional","PARTIAL","B","partially-supported","political-polity","false","[""Beylical Regency"",""Bey and prime minister""]","[]","[]","[]","{""map_identity_id"":""entity-tunis"",""aliases"":[],""historical_names"":[{""value"":""Tunis — Beylical Regency in 1815"",""kind"":""primary"",""validFrom"":""1815-07-26"",""validUntil"":""1815-07-27""}],""identifiers"":{}}","[""Snapshot context is not observation date or boundary date."",""Map geometry does not establish sovereignty or succession."",""Existing applicability intervals: [{\""kind\"":\""interval\"",\""from\"":\""1815-07-26\"",\""until\"":\""1815-07-27\""},{\""kind\"":\""interval\"",\""from\"":\""1815-07-26\"",\""until\"":\""1815-07-27\""}]""]","35c5a20cdfaf4e7e7a788fd82d4c2b997e0fe878efe2392487968b8d61b9029f",""
